metric,value
accuracy,0.3140495867768595
macro_f1,0.11949685534591195
weighted_f1,0.15011175217007122
