metric,value
accuracy,0.8801652892561983
macro_f1,0.8757586367880486
weighted_f1,0.8797341250549806
