metric,value
accuracy,0.8801652892561983
macro_f1,0.8760281281215125
weighted_f1,0.8792819337292452
