metric,value
accuracy,0.5112107623318386
macro_f1,0.4942869135341852
weighted_f1,0.508458525930626
