condition,accuracy
original,0.8801652892561983
dark,0.871900826446281
blur,0.6446280991735537
